{
    "Accuracy": 0.6897253306205493,
    "Precision": 0.6580310880829016,
    "Recall": 0.3469945355191257,
    "F1 Score": 0.4543828264758497
}
